{"cameraMode":{"drawMode":0,"name":"Shaded","section":"Shading Mode"},"sceneLighting":false,"audioPlay":false,"sceneViewState":{"m_AlwaysRefresh":false,"showFog":true,"showSkybox":false,"showFlares":true,"showImageEffects":true,"showParticleSystems":true,"showVisualEffectGraphs":true,"m_FxEnabled":true},"in2DMode":false,"pivot":{"x":-1.2991195917129517,"y":-1.3591128587722779,"z":4.363096237182617},"rotation":{"x":-0.5564393997192383,"y":-0.010889962315559388,"z":0.007581906393170357,"w":-0.8308685421943665},"size":4.1584367752075199,"orthographic":false}